Algorytm;Rozklad;Rozmiar;Prog;Czas_ms
1;losowo;10000;-;1.275
1;losowo;20000;-;2.699
1;losowo;40000;-;6.216
1;losowo;80000;-;13.785
1;losowo;160000;-;38.222
1;losowo;320000;-;85.087
1;losowo;640000;-;185.862
1;rosnaco;10000;-;0.203
1;rosnaco;20000;-;0.452
1;rosnaco;40000;-;1.081
1;rosnaco;80000;-;2.538
1;rosnaco;160000;-;5.101
1;rosnaco;320000;-;10.733
1;rosnaco;640000;-;22.255
1;malejaco;10000;-;0.315
1;malejaco;20000;-;0.738
1;malejaco;40000;-;1.767
1;malejaco;80000;-;4.404
1;malejaco;160000;-;8.951
1;malejaco;320000;-;15.800
1;malejaco;640000;-;35.304
1;czesciowo posortowane (33%);10000;-;1.181
1;czesciowo posortowane (33%);20000;-;2.591
1;czesciowo posortowane (33%);40000;-;7.647
1;czesciowo posortowane (33%);80000;-;17.107
1;czesciowo posortowane (33%);160000;-;37.877
1;czesciowo posortowane (33%);320000;-;80.590
1;czesciowo posortowane (33%);640000;-;183.168
1;czesciowo posortowane (66%);10000;-;1.100
1;czesciowo posortowane (66%);20000;-;2.413
1;czesciowo posortowane (66%);40000;-;5.168
1;czesciowo posortowane (66%);80000;-;14.653
1;czesciowo posortowane (66%);160000;-;32.352
1;czesciowo posortowane (66%);320000;-;73.450
1;czesciowo posortowane (66%);640000;-;160.467
Algorytm;Rozklad;Rozmiar;Prog;Czas_ms
2;losowo;10000;-;1.069
2;losowo;20000;-;2.445
2;losowo;40000;-;5.128
2;losowo;80000;-;11.502
2;losowo;160000;-;29.435
2;losowo;320000;-;72.638
2;losowo;640000;-;151.078
2;rosnaco;10000;-;0.154
2;rosnaco;20000;-;0.278
2;rosnaco;40000;-;0.748
2;rosnaco;80000;-;1.526
2;rosnaco;160000;-;3.446
2;rosnaco;320000;-;6.773
2;rosnaco;640000;-;14.785
2;malejaco;10000;-;0.373
2;malejaco;20000;-;0.525
2;malejaco;40000;-;1.055
2;malejaco;80000;-;2.174
2;malejaco;160000;-;6.015
2;malejaco;320000;-;11.798
2;malejaco;640000;-;23.187
2;czesciowo posortowane (33%);10000;-;1.044
2;czesciowo posortowane (33%);20000;-;2.556
2;czesciowo posortowane (33%);40000;-;6.945
2;czesciowo posortowane (33%);80000;-;13.563
2;czesciowo posortowane (33%);160000;-;31.733
2;czesciowo posortowane (33%);320000;-;68.401
2;czesciowo posortowane (33%);640000;-;155.504
2;czesciowo posortowane (66%);10000;-;1.537
2;czesciowo posortowane (66%);20000;-;3.037
2;czesciowo posortowane (66%);40000;-;4.843
2;czesciowo posortowane (66%);80000;-;13.504
2;czesciowo posortowane (66%);160000;-;28.891
2;czesciowo posortowane (66%);320000;-;62.477
2;czesciowo posortowane (66%);640000;-;125.479
Algorytm;Rozklad;Rozmiar;Prog;Czas_ms
3;losowo;10000;-;0.774
3;losowo;20000;-;1.569
3;losowo;40000;-;3.360
3;losowo;80000;-;6.915
3;losowo;160000;-;14.067
3;losowo;320000;-;33.676
3;losowo;640000;-;73.939
3;rosnaco;10000;-;0.232
3;rosnaco;20000;-;0.439
3;rosnaco;40000;-;1.333
3;rosnaco;80000;-;2.183
3;rosnaco;160000;-;5.670
3;rosnaco;320000;-;9.908
3;rosnaco;640000;-;20.236
3;malejaco;10000;-;0.179
3;malejaco;20000;-;0.423
3;malejaco;40000;-;0.978
3;malejaco;80000;-;2.563
3;malejaco;160000;-;5.917
3;malejaco;320000;-;10.729
3;malejaco;640000;-;19.889
3;czesciowo posortowane (33%);10000;-;1.052
3;czesciowo posortowane (33%);20000;-;1.590
3;czesciowo posortowane (33%);40000;-;4.490
3;czesciowo posortowane (33%);80000;-;9.893
3;czesciowo posortowane (33%);160000;-;18.513
3;czesciowo posortowane (33%);320000;-;29.133
3;czesciowo posortowane (33%);640000;-;68.896
3;czesciowo posortowane (66%);10000;-;0.601
3;czesciowo posortowane (66%);20000;-;1.271
3;czesciowo posortowane (66%);40000;-;2.602
3;czesciowo posortowane (66%);80000;-;5.280
3;czesciowo posortowane (66%);160000;-;14.232
3;czesciowo posortowane (66%);320000;-;27.941
3;czesciowo posortowane (66%);640000;-;52.744
Algorytm;Rozklad;Rozmiar;Prog;Czas_ms
4;losowo;10000;-;1.089
4;losowo;20000;-;2.319
4;losowo;40000;-;5.034
4;losowo;80000;-;10.983
4;losowo;160000;-;28.448
4;losowo;320000;-;64.588
4;losowo;640000;-;147.081
4;rosnaco;10000;-;1.198
4;rosnaco;20000;-;2.688
4;rosnaco;40000;-;5.451
4;rosnaco;80000;-;11.885
4;rosnaco;160000;-;23.225
4;rosnaco;320000;-;51.759
4;rosnaco;640000;-;110.401
4;malejaco;10000;-;1.077
4;malejaco;20000;-;2.374
4;malejaco;40000;-;4.856
4;malejaco;80000;-;10.322
4;malejaco;160000;-;23.897
4;malejaco;320000;-;44.823
4;malejaco;640000;-;102.366
4;czesciowo posortowane (33%);10000;-;1.214
4;czesciowo posortowane (33%);20000;-;2.724
4;czesciowo posortowane (33%);40000;-;5.121
4;czesciowo posortowane (33%);80000;-;12.474
4;czesciowo posortowane (33%);160000;-;28.343
4;czesciowo posortowane (33%);320000;-;66.679
4;czesciowo posortowane (33%);640000;-;137.276
4;czesciowo posortowane (66%);10000;-;0.980
4;czesciowo posortowane (66%);20000;-;2.160
4;czesciowo posortowane (66%);40000;-;4.991
4;czesciowo posortowane (66%);80000;-;12.935
4;czesciowo posortowane (66%);160000;-;27.476
4;czesciowo posortowane (66%);320000;-;55.196
4;czesciowo posortowane (66%);640000;-;124.276